"ID","mhf_month","mhd_month","statistic","parameter","p.value","estimate"
"PN-198906_5100",7.08333333333333,11.5,-0.212002123898758,10,0.83636402088283,-0.0668908065234945
